,devi_force,config_index,file_path
1,1.500036929,10.0,/data/home/wuxingxing/codespace/al_pwmlff/example/si_dftb/iter.0001/temp_run_iter_work/explore/md/md.000.sys.000/md.000.sys.000.t.000
3,1.396701073,30.0,/data/home/wuxingxing/codespace/al_pwmlff/example/si_dftb/iter.0001/temp_run_iter_work/explore/md/md.000.sys.000/md.000.sys.000.t.000
4,1.36248962,40.0,/data/home/wuxingxing/codespace/al_pwmlff/example/si_dftb/iter.0001/temp_run_iter_work/explore/md/md.000.sys.000/md.000.sys.000.t.000
5,0.83310087,50.0,/data/home/wuxingxing/codespace/al_pwmlff/example/si_dftb/iter.0001/temp_run_iter_work/explore/md/md.000.sys.000/md.000.sys.000.t.000
6,1.568459387,60.0,/data/home/wuxingxing/codespace/al_pwmlff/example/si_dftb/iter.0001/temp_run_iter_work/explore/md/md.000.sys.000/md.000.sys.000.t.000
7,0.917078734,70.0,/data/home/wuxingxing/codespace/al_pwmlff/example/si_dftb/iter.0001/temp_run_iter_work/explore/md/md.000.sys.000/md.000.sys.000.t.000
8,1.570064339,80.0,/data/home/wuxingxing/codespace/al_pwmlff/example/si_dftb/iter.0001/temp_run_iter_work/explore/md/md.000.sys.000/md.000.sys.000.t.000
9,1.172012322,90.0,/data/home/wuxingxing/codespace/al_pwmlff/example/si_dftb/iter.0001/temp_run_iter_work/explore/md/md.000.sys.000/md.000.sys.000.t.000
10,1.546344063,100.0,/data/home/wuxingxing/codespace/al_pwmlff/example/si_dftb/iter.0001/temp_run_iter_work/explore/md/md.000.sys.000/md.000.sys.000.t.000
11,1.703938248,110.0,/data/home/wuxingxing/codespace/al_pwmlff/example/si_dftb/iter.0001/temp_run_iter_work/explore/md/md.000.sys.000/md.000.sys.000.t.000
12,1.19079049,120.0,/data/home/wuxingxing/codespace/al_pwmlff/example/si_dftb/iter.0001/temp_run_iter_work/explore/md/md.000.sys.000/md.000.sys.000.t.000
13,1.726849401,130.0,/data/home/wuxingxing/codespace/al_pwmlff/example/si_dftb/iter.0001/temp_run_iter_work/explore/md/md.000.sys.000/md.000.sys.000.t.000
14,1.625460222,140.0,/data/home/wuxingxing/codespace/al_pwmlff/example/si_dftb/iter.0001/temp_run_iter_work/explore/md/md.000.sys.000/md.000.sys.000.t.000
15,1.509667148,150.0,/data/home/wuxingxing/codespace/al_pwmlff/example/si_dftb/iter.0001/temp_run_iter_work/explore/md/md.000.sys.000/md.000.sys.000.t.000
16,1.225937309,160.0,/data/home/wuxingxing/codespace/al_pwmlff/example/si_dftb/iter.0001/temp_run_iter_work/explore/md/md.000.sys.000/md.000.sys.000.t.000
17,1.614403345,170.0,/data/home/wuxingxing/codespace/al_pwmlff/example/si_dftb/iter.0001/temp_run_iter_work/explore/md/md.000.sys.000/md.000.sys.000.t.000
18,1.603498179,180.0,/data/home/wuxingxing/codespace/al_pwmlff/example/si_dftb/iter.0001/temp_run_iter_work/explore/md/md.000.sys.000/md.000.sys.000.t.000
19,1.695253971,190.0,/data/home/wuxingxing/codespace/al_pwmlff/example/si_dftb/iter.0001/temp_run_iter_work/explore/md/md.000.sys.000/md.000.sys.000.t.000
20,1.567798303,200.0,/data/home/wuxingxing/codespace/al_pwmlff/example/si_dftb/iter.0001/temp_run_iter_work/explore/md/md.000.sys.000/md.000.sys.000.t.000
21,1.736332765,210.0,/data/home/wuxingxing/codespace/al_pwmlff/example/si_dftb/iter.0001/temp_run_iter_work/explore/md/md.000.sys.000/md.000.sys.000.t.000
22,1.433831787,220.0,/data/home/wuxingxing/codespace/al_pwmlff/example/si_dftb/iter.0001/temp_run_iter_work/explore/md/md.000.sys.000/md.000.sys.000.t.000
23,1.381921215,230.0,/data/home/wuxingxing/codespace/al_pwmlff/example/si_dftb/iter.0001/temp_run_iter_work/explore/md/md.000.sys.000/md.000.sys.000.t.000
24,1.727348447,240.0,/data/home/wuxingxing/codespace/al_pwmlff/example/si_dftb/iter.0001/temp_run_iter_work/explore/md/md.000.sys.000/md.000.sys.000.t.000
25,1.48357473,250.0,/data/home/wuxingxing/codespace/al_pwmlff/example/si_dftb/iter.0001/temp_run_iter_work/explore/md/md.000.sys.000/md.000.sys.000.t.000
26,1.536924152,260.0,/data/home/wuxingxing/codespace/al_pwmlff/example/si_dftb/iter.0001/temp_run_iter_work/explore/md/md.000.sys.000/md.000.sys.000.t.000
27,1.547247487,270.0,/data/home/wuxingxing/codespace/al_pwmlff/example/si_dftb/iter.0001/temp_run_iter_work/explore/md/md.000.sys.000/md.000.sys.000.t.000
28,1.546591745,280.0,/data/home/wuxingxing/codespace/al_pwmlff/example/si_dftb/iter.0001/temp_run_iter_work/explore/md/md.000.sys.000/md.000.sys.000.t.000
29,1.566124921,290.0,/data/home/wuxingxing/codespace/al_pwmlff/example/si_dftb/iter.0001/temp_run_iter_work/explore/md/md.000.sys.000/md.000.sys.000.t.000
30,1.645902951,300.0,/data/home/wuxingxing/codespace/al_pwmlff/example/si_dftb/iter.0001/temp_run_iter_work/explore/md/md.000.sys.000/md.000.sys.000.t.000
31,1.726439553,310.0,/data/home/wuxingxing/codespace/al_pwmlff/example/si_dftb/iter.0001/temp_run_iter_work/explore/md/md.000.sys.000/md.000.sys.000.t.000
32,1.199057827,320.0,/data/home/wuxingxing/codespace/al_pwmlff/example/si_dftb/iter.0001/temp_run_iter_work/explore/md/md.000.sys.000/md.000.sys.000.t.000
33,1.455946117,330.0,/data/home/wuxingxing/codespace/al_pwmlff/example/si_dftb/iter.0001/temp_run_iter_work/explore/md/md.000.sys.000/md.000.sys.000.t.000
34,1.835006794,340.0,/data/home/wuxingxing/codespace/al_pwmlff/example/si_dftb/iter.0001/temp_run_iter_work/explore/md/md.000.sys.000/md.000.sys.000.t.000
35,1.204755279,350.0,/data/home/wuxingxing/codespace/al_pwmlff/example/si_dftb/iter.0001/temp_run_iter_work/explore/md/md.000.sys.000/md.000.sys.000.t.000
36,1.228324409,360.0,/data/home/wuxingxing/codespace/al_pwmlff/example/si_dftb/iter.0001/temp_run_iter_work/explore/md/md.000.sys.000/md.000.sys.000.t.000
37,1.575603893,370.0,/data/home/wuxingxing/codespace/al_pwmlff/example/si_dftb/iter.0001/temp_run_iter_work/explore/md/md.000.sys.000/md.000.sys.000.t.000
38,1.281044428,380.0,/data/home/wuxingxing/codespace/al_pwmlff/example/si_dftb/iter.0001/temp_run_iter_work/explore/md/md.000.sys.000/md.000.sys.000.t.000
39,1.402033331,390.0,/data/home/wuxingxing/codespace/al_pwmlff/example/si_dftb/iter.0001/temp_run_iter_work/explore/md/md.000.sys.000/md.000.sys.000.t.000
40,1.437427078,400.0,/data/home/wuxingxing/codespace/al_pwmlff/example/si_dftb/iter.0001/temp_run_iter_work/explore/md/md.000.sys.000/md.000.sys.000.t.000
41,1.571557001,410.0,/data/home/wuxingxing/codespace/al_pwmlff/example/si_dftb/iter.0001/temp_run_iter_work/explore/md/md.000.sys.000/md.000.sys.000.t.000
42,1.518289159,420.0,/data/home/wuxingxing/codespace/al_pwmlff/example/si_dftb/iter.0001/temp_run_iter_work/explore/md/md.000.sys.000/md.000.sys.000.t.000
43,1.517609805,430.0,/data/home/wuxingxing/codespace/al_pwmlff/example/si_dftb/iter.0001/temp_run_iter_work/explore/md/md.000.sys.000/md.000.sys.000.t.000
44,1.716860825,440.0,/data/home/wuxingxing/codespace/al_pwmlff/example/si_dftb/iter.0001/temp_run_iter_work/explore/md/md.000.sys.000/md.000.sys.000.t.000
45,1.761721033,450.0,/data/home/wuxingxing/codespace/al_pwmlff/example/si_dftb/iter.0001/temp_run_iter_work/explore/md/md.000.sys.000/md.000.sys.000.t.000
46,1.551064442,460.0,/data/home/wuxingxing/codespace/al_pwmlff/example/si_dftb/iter.0001/temp_run_iter_work/explore/md/md.000.sys.000/md.000.sys.000.t.000
47,1.501016383,470.0,/data/home/wuxingxing/codespace/al_pwmlff/example/si_dftb/iter.0001/temp_run_iter_work/explore/md/md.000.sys.000/md.000.sys.000.t.000
48,1.560677647,480.0,/data/home/wuxingxing/codespace/al_pwmlff/example/si_dftb/iter.0001/temp_run_iter_work/explore/md/md.000.sys.000/md.000.sys.000.t.000
49,1.748151793,490.0,/data/home/wuxingxing/codespace/al_pwmlff/example/si_dftb/iter.0001/temp_run_iter_work/explore/md/md.000.sys.000/md.000.sys.000.t.000
50,1.505804625,500.0,/data/home/wuxingxing/codespace/al_pwmlff/example/si_dftb/iter.0001/temp_run_iter_work/explore/md/md.000.sys.000/md.000.sys.000.t.000
51,1.719146174,510.0,/data/home/wuxingxing/codespace/al_pwmlff/example/si_dftb/iter.0001/temp_run_iter_work/explore/md/md.000.sys.000/md.000.sys.000.t.000
52,1.742588638,520.0,/data/home/wuxingxing/codespace/al_pwmlff/example/si_dftb/iter.0001/temp_run_iter_work/explore/md/md.000.sys.000/md.000.sys.000.t.000
53,1.688068584,530.0,/data/home/wuxingxing/codespace/al_pwmlff/example/si_dftb/iter.0001/temp_run_iter_work/explore/md/md.000.sys.000/md.000.sys.000.t.000
54,1.357583425,540.0,/data/home/wuxingxing/codespace/al_pwmlff/example/si_dftb/iter.0001/temp_run_iter_work/explore/md/md.000.sys.000/md.000.sys.000.t.000
55,1.554487717,550.0,/data/home/wuxingxing/codespace/al_pwmlff/example/si_dftb/iter.0001/temp_run_iter_work/explore/md/md.000.sys.000/md.000.sys.000.t.000
56,1.568250743,560.0,/data/home/wuxingxing/codespace/al_pwmlff/example/si_dftb/iter.0001/temp_run_iter_work/explore/md/md.000.sys.000/md.000.sys.000.t.000
57,1.935569858,570.0,/data/home/wuxingxing/codespace/al_pwmlff/example/si_dftb/iter.0001/temp_run_iter_work/explore/md/md.000.sys.000/md.000.sys.000.t.000
58,1.313382466,580.0,/data/home/wuxingxing/codespace/al_pwmlff/example/si_dftb/iter.0001/temp_run_iter_work/explore/md/md.000.sys.000/md.000.sys.000.t.000
59,1.75744086,590.0,/data/home/wuxingxing/codespace/al_pwmlff/example/si_dftb/iter.0001/temp_run_iter_work/explore/md/md.000.sys.000/md.000.sys.000.t.000
60,1.92447225,600.0,/data/home/wuxingxing/codespace/al_pwmlff/example/si_dftb/iter.0001/temp_run_iter_work/explore/md/md.000.sys.000/md.000.sys.000.t.000
61,1.404516703,610.0,/data/home/wuxingxing/codespace/al_pwmlff/example/si_dftb/iter.0001/temp_run_iter_work/explore/md/md.000.sys.000/md.000.sys.000.t.000
62,1.662448649,620.0,/data/home/wuxingxing/codespace/al_pwmlff/example/si_dftb/iter.0001/temp_run_iter_work/explore/md/md.000.sys.000/md.000.sys.000.t.000
63,1.498120671,630.0,/data/home/wuxingxing/codespace/al_pwmlff/example/si_dftb/iter.0001/temp_run_iter_work/explore/md/md.000.sys.000/md.000.sys.000.t.000
64,1.638183459,640.0,/data/home/wuxingxing/codespace/al_pwmlff/example/si_dftb/iter.0001/temp_run_iter_work/explore/md/md.000.sys.000/md.000.sys.000.t.000
65,1.836708694,650.0,/data/home/wuxingxing/codespace/al_pwmlff/example/si_dftb/iter.0001/temp_run_iter_work/explore/md/md.000.sys.000/md.000.sys.000.t.000
66,1.775957691,660.0,/data/home/wuxingxing/codespace/al_pwmlff/example/si_dftb/iter.0001/temp_run_iter_work/explore/md/md.000.sys.000/md.000.sys.000.t.000
67,1.691101832,670.0,/data/home/wuxingxing/codespace/al_pwmlff/example/si_dftb/iter.0001/temp_run_iter_work/explore/md/md.000.sys.000/md.000.sys.000.t.000
68,1.46987081,680.0,/data/home/wuxingxing/codespace/al_pwmlff/example/si_dftb/iter.0001/temp_run_iter_work/explore/md/md.000.sys.000/md.000.sys.000.t.000
69,1.526443417,690.0,/data/home/wuxingxing/codespace/al_pwmlff/example/si_dftb/iter.0001/temp_run_iter_work/explore/md/md.000.sys.000/md.000.sys.000.t.000
70,1.963088677,700.0,/data/home/wuxingxing/codespace/al_pwmlff/example/si_dftb/iter.0001/temp_run_iter_work/explore/md/md.000.sys.000/md.000.sys.000.t.000
71,1.470449061,710.0,/data/home/wuxingxing/codespace/al_pwmlff/example/si_dftb/iter.0001/temp_run_iter_work/explore/md/md.000.sys.000/md.000.sys.000.t.000
72,1.507978048,720.0,/data/home/wuxingxing/codespace/al_pwmlff/example/si_dftb/iter.0001/temp_run_iter_work/explore/md/md.000.sys.000/md.000.sys.000.t.000
73,1.673664618,730.0,/data/home/wuxingxing/codespace/al_pwmlff/example/si_dftb/iter.0001/temp_run_iter_work/explore/md/md.000.sys.000/md.000.sys.000.t.000
74,1.442459746,740.0,/data/home/wuxingxing/codespace/al_pwmlff/example/si_dftb/iter.0001/temp_run_iter_work/explore/md/md.000.sys.000/md.000.sys.000.t.000
75,1.667467832,750.0,/data/home/wuxingxing/codespace/al_pwmlff/example/si_dftb/iter.0001/temp_run_iter_work/explore/md/md.000.sys.000/md.000.sys.000.t.000
76,1.701789324,760.0,/data/home/wuxingxing/codespace/al_pwmlff/example/si_dftb/iter.0001/temp_run_iter_work/explore/md/md.000.sys.000/md.000.sys.000.t.000
77,1.755911141,770.0,/data/home/wuxingxing/codespace/al_pwmlff/example/si_dftb/iter.0001/temp_run_iter_work/explore/md/md.000.sys.000/md.000.sys.000.t.000
78,1.608524726,780.0,/data/home/wuxingxing/codespace/al_pwmlff/example/si_dftb/iter.0001/temp_run_iter_work/explore/md/md.000.sys.000/md.000.sys.000.t.000
79,1.443195705,790.0,/data/home/wuxingxing/codespace/al_pwmlff/example/si_dftb/iter.0001/temp_run_iter_work/explore/md/md.000.sys.000/md.000.sys.000.t.000
80,1.76307212,800.0,/data/home/wuxingxing/codespace/al_pwmlff/example/si_dftb/iter.0001/temp_run_iter_work/explore/md/md.000.sys.000/md.000.sys.000.t.000
81,1.497585592,810.0,/data/home/wuxingxing/codespace/al_pwmlff/example/si_dftb/iter.0001/temp_run_iter_work/explore/md/md.000.sys.000/md.000.sys.000.t.000
82,1.551345194,820.0,/data/home/wuxingxing/codespace/al_pwmlff/example/si_dftb/iter.0001/temp_run_iter_work/explore/md/md.000.sys.000/md.000.sys.000.t.000
83,1.580053475,830.0,/data/home/wuxingxing/codespace/al_pwmlff/example/si_dftb/iter.0001/temp_run_iter_work/explore/md/md.000.sys.000/md.000.sys.000.t.000
84,1.562201651,840.0,/data/home/wuxingxing/codespace/al_pwmlff/example/si_dftb/iter.0001/temp_run_iter_work/explore/md/md.000.sys.000/md.000.sys.000.t.000
85,1.585560471,850.0,/data/home/wuxingxing/codespace/al_pwmlff/example/si_dftb/iter.0001/temp_run_iter_work/explore/md/md.000.sys.000/md.000.sys.000.t.000
86,1.612314635,860.0,/data/home/wuxingxing/codespace/al_pwmlff/example/si_dftb/iter.0001/temp_run_iter_work/explore/md/md.000.sys.000/md.000.sys.000.t.000
87,1.469825708,870.0,/data/home/wuxingxing/codespace/al_pwmlff/example/si_dftb/iter.0001/temp_run_iter_work/explore/md/md.000.sys.000/md.000.sys.000.t.000
88,1.56888764,880.0,/data/home/wuxingxing/codespace/al_pwmlff/example/si_dftb/iter.0001/temp_run_iter_work/explore/md/md.000.sys.000/md.000.sys.000.t.000
89,1.801402484,890.0,/data/home/wuxingxing/codespace/al_pwmlff/example/si_dftb/iter.0001/temp_run_iter_work/explore/md/md.000.sys.000/md.000.sys.000.t.000
90,1.539360172,900.0,/data/home/wuxingxing/codespace/al_pwmlff/example/si_dftb/iter.0001/temp_run_iter_work/explore/md/md.000.sys.000/md.000.sys.000.t.000
91,1.270314886,910.0,/data/home/wuxingxing/codespace/al_pwmlff/example/si_dftb/iter.0001/temp_run_iter_work/explore/md/md.000.sys.000/md.000.sys.000.t.000
92,1.675192278,920.0,/data/home/wuxingxing/codespace/al_pwmlff/example/si_dftb/iter.0001/temp_run_iter_work/explore/md/md.000.sys.000/md.000.sys.000.t.000
93,1.858184593,930.0,/data/home/wuxingxing/codespace/al_pwmlff/example/si_dftb/iter.0001/temp_run_iter_work/explore/md/md.000.sys.000/md.000.sys.000.t.000
94,1.233978768,940.0,/data/home/wuxingxing/codespace/al_pwmlff/example/si_dftb/iter.0001/temp_run_iter_work/explore/md/md.000.sys.000/md.000.sys.000.t.000
95,1.562827019,950.0,/data/home/wuxingxing/codespace/al_pwmlff/example/si_dftb/iter.0001/temp_run_iter_work/explore/md/md.000.sys.000/md.000.sys.000.t.000
96,1.478830853,960.0,/data/home/wuxingxing/codespace/al_pwmlff/example/si_dftb/iter.0001/temp_run_iter_work/explore/md/md.000.sys.000/md.000.sys.000.t.000
97,1.638130341,970.0,/data/home/wuxingxing/codespace/al_pwmlff/example/si_dftb/iter.0001/temp_run_iter_work/explore/md/md.000.sys.000/md.000.sys.000.t.000
98,1.585120161,980.0,/data/home/wuxingxing/codespace/al_pwmlff/example/si_dftb/iter.0001/temp_run_iter_work/explore/md/md.000.sys.000/md.000.sys.000.t.000
99,1.450829107,990.0,/data/home/wuxingxing/codespace/al_pwmlff/example/si_dftb/iter.0001/temp_run_iter_work/explore/md/md.000.sys.000/md.000.sys.000.t.000
100,1.619204509,1000.0,/data/home/wuxingxing/codespace/al_pwmlff/example/si_dftb/iter.0001/temp_run_iter_work/explore/md/md.000.sys.000/md.000.sys.000.t.000
102,1.689332575,10.0,/data/home/wuxingxing/codespace/al_pwmlff/example/si_dftb/iter.0001/temp_run_iter_work/explore/md/md.000.sys.000/md.000.sys.000.t.001
104,1.747021985,30.0,/data/home/wuxingxing/codespace/al_pwmlff/example/si_dftb/iter.0001/temp_run_iter_work/explore/md/md.000.sys.000/md.000.sys.000.t.001
105,1.49661487,40.0,/data/home/wuxingxing/codespace/al_pwmlff/example/si_dftb/iter.0001/temp_run_iter_work/explore/md/md.000.sys.000/md.000.sys.000.t.001
106,1.43570888,50.0,/data/home/wuxingxing/codespace/al_pwmlff/example/si_dftb/iter.0001/temp_run_iter_work/explore/md/md.000.sys.000/md.000.sys.000.t.001
107,1.615510519,60.0,/data/home/wuxingxing/codespace/al_pwmlff/example/si_dftb/iter.0001/temp_run_iter_work/explore/md/md.000.sys.000/md.000.sys.000.t.001
108,1.219979348,70.0,/data/home/wuxingxing/codespace/al_pwmlff/example/si_dftb/iter.0001/temp_run_iter_work/explore/md/md.000.sys.000/md.000.sys.000.t.001
109,1.802859243,80.0,/data/home/wuxingxing/codespace/al_pwmlff/example/si_dftb/iter.0001/temp_run_iter_work/explore/md/md.000.sys.000/md.000.sys.000.t.001
110,1.335525232,90.0,/data/home/wuxingxing/codespace/al_pwmlff/example/si_dftb/iter.0001/temp_run_iter_work/explore/md/md.000.sys.000/md.000.sys.000.t.001
111,1.699713786,100.0,/data/home/wuxingxing/codespace/al_pwmlff/example/si_dftb/iter.0001/temp_run_iter_work/explore/md/md.000.sys.000/md.000.sys.000.t.001
112,1.776723057,110.0,/data/home/wuxingxing/codespace/al_pwmlff/example/si_dftb/iter.0001/temp_run_iter_work/explore/md/md.000.sys.000/md.000.sys.000.t.001
113,1.27351664,120.0,/data/home/wuxingxing/codespace/al_pwmlff/example/si_dftb/iter.0001/temp_run_iter_work/explore/md/md.000.sys.000/md.000.sys.000.t.001
114,1.914635453,130.0,/data/home/wuxingxing/codespace/al_pwmlff/example/si_dftb/iter.0001/temp_run_iter_work/explore/md/md.000.sys.000/md.000.sys.000.t.001
115,1.649903722,140.0,/data/home/wuxingxing/codespace/al_pwmlff/example/si_dftb/iter.0001/temp_run_iter_work/explore/md/md.000.sys.000/md.000.sys.000.t.001
116,1.669401803,150.0,/data/home/wuxingxing/codespace/al_pwmlff/example/si_dftb/iter.0001/temp_run_iter_work/explore/md/md.000.sys.000/md.000.sys.000.t.001
117,1.595084278,160.0,/data/home/wuxingxing/codespace/al_pwmlff/example/si_dftb/iter.0001/temp_run_iter_work/explore/md/md.000.sys.000/md.000.sys.000.t.001
118,1.781782672,170.0,/data/home/wuxingxing/codespace/al_pwmlff/example/si_dftb/iter.0001/temp_run_iter_work/explore/md/md.000.sys.000/md.000.sys.000.t.001
119,1.671303834,180.0,/data/home/wuxingxing/codespace/al_pwmlff/example/si_dftb/iter.0001/temp_run_iter_work/explore/md/md.000.sys.000/md.000.sys.000.t.001
120,1.999696701,190.0,/data/home/wuxingxing/codespace/al_pwmlff/example/si_dftb/iter.0001/temp_run_iter_work/explore/md/md.000.sys.000/md.000.sys.000.t.001
121,1.589347163,200.0,/data/home/wuxingxing/codespace/al_pwmlff/example/si_dftb/iter.0001/temp_run_iter_work/explore/md/md.000.sys.000/md.000.sys.000.t.001
122,1.805402625,210.0,/data/home/wuxingxing/codespace/al_pwmlff/example/si_dftb/iter.0001/temp_run_iter_work/explore/md/md.000.sys.000/md.000.sys.000.t.001
123,1.725894241,220.0,/data/home/wuxingxing/codespace/al_pwmlff/example/si_dftb/iter.0001/temp_run_iter_work/explore/md/md.000.sys.000/md.000.sys.000.t.001
124,1.844498768,230.0,/data/home/wuxingxing/codespace/al_pwmlff/example/si_dftb/iter.0001/temp_run_iter_work/explore/md/md.000.sys.000/md.000.sys.000.t.001
125,1.930473226,240.0,/data/home/wuxingxing/codespace/al_pwmlff/example/si_dftb/iter.0001/temp_run_iter_work/explore/md/md.000.sys.000/md.000.sys.000.t.001
126,1.790925584,250.0,/data/home/wuxingxing/codespace/al_pwmlff/example/si_dftb/iter.0001/temp_run_iter_work/explore/md/md.000.sys.000/md.000.sys.000.t.001
127,1.763286504,260.0,/data/home/wuxingxing/codespace/al_pwmlff/example/si_dftb/iter.0001/temp_run_iter_work/explore/md/md.000.sys.000/md.000.sys.000.t.001
128,1.75547548,270.0,/data/home/wuxingxing/codespace/al_pwmlff/example/si_dftb/iter.0001/temp_run_iter_work/explore/md/md.000.sys.000/md.000.sys.000.t.001
129,1.759920926,280.0,/data/home/wuxingxing/codespace/al_pwmlff/example/si_dftb/iter.0001/temp_run_iter_work/explore/md/md.000.sys.000/md.000.sys.000.t.001
130,1.677289213,290.0,/data/home/wuxingxing/codespace/al_pwmlff/example/si_dftb/iter.0001/temp_run_iter_work/explore/md/md.000.sys.000/md.000.sys.000.t.001
131,1.727590243,300.0,/data/home/wuxingxing/codespace/al_pwmlff/example/si_dftb/iter.0001/temp_run_iter_work/explore/md/md.000.sys.000/md.000.sys.000.t.001
132,1.678761057,310.0,/data/home/wuxingxing/codespace/al_pwmlff/example/si_dftb/iter.0001/temp_run_iter_work/explore/md/md.000.sys.000/md.000.sys.000.t.001
133,1.625113894,320.0,/data/home/wuxingxing/codespace/al_pwmlff/example/si_dftb/iter.0001/temp_run_iter_work/explore/md/md.000.sys.000/md.000.sys.000.t.001
134,1.931891346,330.0,/data/home/wuxingxing/codespace/al_pwmlff/example/si_dftb/iter.0001/temp_run_iter_work/explore/md/md.000.sys.000/md.000.sys.000.t.001
135,1.700980954,340.0,/data/home/wuxingxing/codespace/al_pwmlff/example/si_dftb/iter.0001/temp_run_iter_work/explore/md/md.000.sys.000/md.000.sys.000.t.001
136,1.733204315,350.0,/data/home/wuxingxing/codespace/al_pwmlff/example/si_dftb/iter.0001/temp_run_iter_work/explore/md/md.000.sys.000/md.000.sys.000.t.001
137,1.747064956,360.0,/data/home/wuxingxing/codespace/al_pwmlff/example/si_dftb/iter.0001/temp_run_iter_work/explore/md/md.000.sys.000/md.000.sys.000.t.001
138,1.918773972,370.0,/data/home/wuxingxing/codespace/al_pwmlff/example/si_dftb/iter.0001/temp_run_iter_work/explore/md/md.000.sys.000/md.000.sys.000.t.001
139,1.761835236,380.0,/data/home/wuxingxing/codespace/al_pwmlff/example/si_dftb/iter.0001/temp_run_iter_work/explore/md/md.000.sys.000/md.000.sys.000.t.001
140,1.497026023,390.0,/data/home/wuxingxing/codespace/al_pwmlff/example/si_dftb/iter.0001/temp_run_iter_work/explore/md/md.000.sys.000/md.000.sys.000.t.001
141,1.667393655,400.0,/data/home/wuxingxing/codespace/al_pwmlff/example/si_dftb/iter.0001/temp_run_iter_work/explore/md/md.000.sys.000/md.000.sys.000.t.001
142,1.76999745,410.0,/data/home/wuxingxing/codespace/al_pwmlff/example/si_dftb/iter.0001/temp_run_iter_work/explore/md/md.000.sys.000/md.000.sys.000.t.001
143,1.799206332,420.0,/data/home/wuxingxing/codespace/al_pwmlff/example/si_dftb/iter.0001/temp_run_iter_work/explore/md/md.000.sys.000/md.000.sys.000.t.001
144,1.664226282,430.0,/data/home/wuxingxing/codespace/al_pwmlff/example/si_dftb/iter.0001/temp_run_iter_work/explore/md/md.000.sys.000/md.000.sys.000.t.001
145,1.783573801,440.0,/data/home/wuxingxing/codespace/al_pwmlff/example/si_dftb/iter.0001/temp_run_iter_work/explore/md/md.000.sys.000/md.000.sys.000.t.001
146,1.799481241,450.0,/data/home/wuxingxing/codespace/al_pwmlff/example/si_dftb/iter.0001/temp_run_iter_work/explore/md/md.000.sys.000/md.000.sys.000.t.001
147,1.460085392,460.0,/data/home/wuxingxing/codespace/al_pwmlff/example/si_dftb/iter.0001/temp_run_iter_work/explore/md/md.000.sys.000/md.000.sys.000.t.001
148,1.647592406,470.0,/data/home/wuxingxing/codespace/al_pwmlff/example/si_dftb/iter.0001/temp_run_iter_work/explore/md/md.000.sys.000/md.000.sys.000.t.001
149,1.92141381,480.0,/data/home/wuxingxing/codespace/al_pwmlff/example/si_dftb/iter.0001/temp_run_iter_work/explore/md/md.000.sys.000/md.000.sys.000.t.001
150,1.642334113,490.0,/data/home/wuxingxing/codespace/al_pwmlff/example/si_dftb/iter.0001/temp_run_iter_work/explore/md/md.000.sys.000/md.000.sys.000.t.001
151,1.614071876,500.0,/data/home/wuxingxing/codespace/al_pwmlff/example/si_dftb/iter.0001/temp_run_iter_work/explore/md/md.000.sys.000/md.000.sys.000.t.001
152,1.689011602,510.0,/data/home/wuxingxing/codespace/al_pwmlff/example/si_dftb/iter.0001/temp_run_iter_work/explore/md/md.000.sys.000/md.000.sys.000.t.001
153,1.594055028,520.0,/data/home/wuxingxing/codespace/al_pwmlff/example/si_dftb/iter.0001/temp_run_iter_work/explore/md/md.000.sys.000/md.000.sys.000.t.001
154,1.88975283,530.0,/data/home/wuxingxing/codespace/al_pwmlff/example/si_dftb/iter.0001/temp_run_iter_work/explore/md/md.000.sys.000/md.000.sys.000.t.001
155,1.736275568,540.0,/data/home/wuxingxing/codespace/al_pwmlff/example/si_dftb/iter.0001/temp_run_iter_work/explore/md/md.000.sys.000/md.000.sys.000.t.001
156,1.864315641,550.0,/data/home/wuxingxing/codespace/al_pwmlff/example/si_dftb/iter.0001/temp_run_iter_work/explore/md/md.000.sys.000/md.000.sys.000.t.001
157,1.578568522,560.0,/data/home/wuxingxing/codespace/al_pwmlff/example/si_dftb/iter.0001/temp_run_iter_work/explore/md/md.000.sys.000/md.000.sys.000.t.001
158,1.738015784,570.0,/data/home/wuxingxing/codespace/al_pwmlff/example/si_dftb/iter.0001/temp_run_iter_work/explore/md/md.000.sys.000/md.000.sys.000.t.001
159,1.716931572,580.0,/data/home/wuxingxing/codespace/al_pwmlff/example/si_dftb/iter.0001/temp_run_iter_work/explore/md/md.000.sys.000/md.000.sys.000.t.001
160,1.67189545,590.0,/data/home/wuxingxing/codespace/al_pwmlff/example/si_dftb/iter.0001/temp_run_iter_work/explore/md/md.000.sys.000/md.000.sys.000.t.001
161,1.772927701,600.0,/data/home/wuxingxing/codespace/al_pwmlff/example/si_dftb/iter.0001/temp_run_iter_work/explore/md/md.000.sys.000/md.000.sys.000.t.001
162,1.836628357,610.0,/data/home/wuxingxing/codespace/al_pwmlff/example/si_dftb/iter.0001/temp_run_iter_work/explore/md/md.000.sys.000/md.000.sys.000.t.001
163,1.726229469,620.0,/data/home/wuxingxing/codespace/al_pwmlff/example/si_dftb/iter.0001/temp_run_iter_work/explore/md/md.000.sys.000/md.000.sys.000.t.001
164,1.743652418,630.0,/data/home/wuxingxing/codespace/al_pwmlff/example/si_dftb/iter.0001/temp_run_iter_work/explore/md/md.000.sys.000/md.000.sys.000.t.001
165,1.809756763,640.0,/data/home/wuxingxing/codespace/al_pwmlff/example/si_dftb/iter.0001/temp_run_iter_work/explore/md/md.000.sys.000/md.000.sys.000.t.001
166,1.612689598,650.0,/data/home/wuxingxing/codespace/al_pwmlff/example/si_dftb/iter.0001/temp_run_iter_work/explore/md/md.000.sys.000/md.000.sys.000.t.001
167,1.885956075,660.0,/data/home/wuxingxing/codespace/al_pwmlff/example/si_dftb/iter.0001/temp_run_iter_work/explore/md/md.000.sys.000/md.000.sys.000.t.001
168,1.685470754,670.0,/data/home/wuxingxing/codespace/al_pwmlff/example/si_dftb/iter.0001/temp_run_iter_work/explore/md/md.000.sys.000/md.000.sys.000.t.001
169,1.742361826,680.0,/data/home/wuxingxing/codespace/al_pwmlff/example/si_dftb/iter.0001/temp_run_iter_work/explore/md/md.000.sys.000/md.000.sys.000.t.001
170,1.77498694,690.0,/data/home/wuxingxing/codespace/al_pwmlff/example/si_dftb/iter.0001/temp_run_iter_work/explore/md/md.000.sys.000/md.000.sys.000.t.001
171,1.582579315,700.0,/data/home/wuxingxing/codespace/al_pwmlff/example/si_dftb/iter.0001/temp_run_iter_work/explore/md/md.000.sys.000/md.000.sys.000.t.001
172,1.762819616,710.0,/data/home/wuxingxing/codespace/al_pwmlff/example/si_dftb/iter.0001/temp_run_iter_work/explore/md/md.000.sys.000/md.000.sys.000.t.001
173,1.703773785,720.0,/data/home/wuxingxing/codespace/al_pwmlff/example/si_dftb/iter.0001/temp_run_iter_work/explore/md/md.000.sys.000/md.000.sys.000.t.001
174,1.807233521,730.0,/data/home/wuxingxing/codespace/al_pwmlff/example/si_dftb/iter.0001/temp_run_iter_work/explore/md/md.000.sys.000/md.000.sys.000.t.001
175,1.653475575,740.0,/data/home/wuxingxing/codespace/al_pwmlff/example/si_dftb/iter.0001/temp_run_iter_work/explore/md/md.000.sys.000/md.000.sys.000.t.001
176,1.59295547,750.0,/data/home/wuxingxing/codespace/al_pwmlff/example/si_dftb/iter.0001/temp_run_iter_work/explore/md/md.000.sys.000/md.000.sys.000.t.001
177,1.619822192,760.0,/data/home/wuxingxing/codespace/al_pwmlff/example/si_dftb/iter.0001/temp_run_iter_work/explore/md/md.000.sys.000/md.000.sys.000.t.001
178,1.500312337,770.0,/data/home/wuxingxing/codespace/al_pwmlff/example/si_dftb/iter.0001/temp_run_iter_work/explore/md/md.000.sys.000/md.000.sys.000.t.001
179,1.615441728,780.0,/data/home/wuxingxing/codespace/al_pwmlff/example/si_dftb/iter.0001/temp_run_iter_work/explore/md/md.000.sys.000/md.000.sys.000.t.001
180,2.091143254,790.0,/data/home/wuxingxing/codespace/al_pwmlff/example/si_dftb/iter.0001/temp_run_iter_work/explore/md/md.000.sys.000/md.000.sys.000.t.001
181,1.711366982,800.0,/data/home/wuxingxing/codespace/al_pwmlff/example/si_dftb/iter.0001/temp_run_iter_work/explore/md/md.000.sys.000/md.000.sys.000.t.001
182,1.835374995,810.0,/data/home/wuxingxing/codespace/al_pwmlff/example/si_dftb/iter.0001/temp_run_iter_work/explore/md/md.000.sys.000/md.000.sys.000.t.001
183,1.783776117,820.0,/data/home/wuxingxing/codespace/al_pwmlff/example/si_dftb/iter.0001/temp_run_iter_work/explore/md/md.000.sys.000/md.000.sys.000.t.001
184,1.873041678,830.0,/data/home/wuxingxing/codespace/al_pwmlff/example/si_dftb/iter.0001/temp_run_iter_work/explore/md/md.000.sys.000/md.000.sys.000.t.001
185,2.078339038,840.0,/data/home/wuxingxing/codespace/al_pwmlff/example/si_dftb/iter.0001/temp_run_iter_work/explore/md/md.000.sys.000/md.000.sys.000.t.001
186,1.726648264,850.0,/data/home/wuxingxing/codespace/al_pwmlff/example/si_dftb/iter.0001/temp_run_iter_work/explore/md/md.000.sys.000/md.000.sys.000.t.001
187,1.774394352,860.0,/data/home/wuxingxing/codespace/al_pwmlff/example/si_dftb/iter.0001/temp_run_iter_work/explore/md/md.000.sys.000/md.000.sys.000.t.001
188,1.834336437,870.0,/data/home/wuxingxing/codespace/al_pwmlff/example/si_dftb/iter.0001/temp_run_iter_work/explore/md/md.000.sys.000/md.000.sys.000.t.001
189,1.792803388,880.0,/data/home/wuxingxing/codespace/al_pwmlff/example/si_dftb/iter.0001/temp_run_iter_work/explore/md/md.000.sys.000/md.000.sys.000.t.001
190,1.582093236,890.0,/data/home/wuxingxing/codespace/al_pwmlff/example/si_dftb/iter.0001/temp_run_iter_work/explore/md/md.000.sys.000/md.000.sys.000.t.001
191,1.598449792,900.0,/data/home/wuxingxing/codespace/al_pwmlff/example/si_dftb/iter.0001/temp_run_iter_work/explore/md/md.000.sys.000/md.000.sys.000.t.001
192,1.708258517,910.0,/data/home/wuxingxing/codespace/al_pwmlff/example/si_dftb/iter.0001/temp_run_iter_work/explore/md/md.000.sys.000/md.000.sys.000.t.001
193,1.910046847,920.0,/data/home/wuxingxing/codespace/al_pwmlff/example/si_dftb/iter.0001/temp_run_iter_work/explore/md/md.000.sys.000/md.000.sys.000.t.001
194,1.7073367,930.0,/data/home/wuxingxing/codespace/al_pwmlff/example/si_dftb/iter.0001/temp_run_iter_work/explore/md/md.000.sys.000/md.000.sys.000.t.001
195,1.99258779,940.0,/data/home/wuxingxing/codespace/al_pwmlff/example/si_dftb/iter.0001/temp_run_iter_work/explore/md/md.000.sys.000/md.000.sys.000.t.001
196,1.807245253,950.0,/data/home/wuxingxing/codespace/al_pwmlff/example/si_dftb/iter.0001/temp_run_iter_work/explore/md/md.000.sys.000/md.000.sys.000.t.001
197,1.496685158,960.0,/data/home/wuxingxing/codespace/al_pwmlff/example/si_dftb/iter.0001/temp_run_iter_work/explore/md/md.000.sys.000/md.000.sys.000.t.001
198,1.628554289,970.0,/data/home/wuxingxing/codespace/al_pwmlff/example/si_dftb/iter.0001/temp_run_iter_work/explore/md/md.000.sys.000/md.000.sys.000.t.001
199,1.632137965,980.0,/data/home/wuxingxing/codespace/al_pwmlff/example/si_dftb/iter.0001/temp_run_iter_work/explore/md/md.000.sys.000/md.000.sys.000.t.001
200,1.705566,990.0,/data/home/wuxingxing/codespace/al_pwmlff/example/si_dftb/iter.0001/temp_run_iter_work/explore/md/md.000.sys.000/md.000.sys.000.t.001
201,1.686505619,1000.0,/data/home/wuxingxing/codespace/al_pwmlff/example/si_dftb/iter.0001/temp_run_iter_work/explore/md/md.000.sys.000/md.000.sys.000.t.001
203,1.633709843,10.0,/data/home/wuxingxing/codespace/al_pwmlff/example/si_dftb/iter.0001/temp_run_iter_work/explore/md/md.000.sys.001/md.000.sys.001.t.000
205,0.925897142,30.0,/data/home/wuxingxing/codespace/al_pwmlff/example/si_dftb/iter.0001/temp_run_iter_work/explore/md/md.000.sys.001/md.000.sys.001.t.000
206,0.709435539,40.0,/data/home/wuxingxing/codespace/al_pwmlff/example/si_dftb/iter.0001/temp_run_iter_work/explore/md/md.000.sys.001/md.000.sys.001.t.000
207,0.816896713,50.0,/data/home/wuxingxing/codespace/al_pwmlff/example/si_dftb/iter.0001/temp_run_iter_work/explore/md/md.000.sys.001/md.000.sys.001.t.000
208,1.532434715,60.0,/data/home/wuxingxing/codespace/al_pwmlff/example/si_dftb/iter.0001/temp_run_iter_work/explore/md/md.000.sys.001/md.000.sys.001.t.000
209,0.855147343,70.0,/data/home/wuxingxing/codespace/al_pwmlff/example/si_dftb/iter.0001/temp_run_iter_work/explore/md/md.000.sys.001/md.000.sys.001.t.000
210,1.082787907,80.0,/data/home/wuxingxing/codespace/al_pwmlff/example/si_dftb/iter.0001/temp_run_iter_work/explore/md/md.000.sys.001/md.000.sys.001.t.000
212,1.531309127,100.0,/data/home/wuxingxing/codespace/al_pwmlff/example/si_dftb/iter.0001/temp_run_iter_work/explore/md/md.000.sys.001/md.000.sys.001.t.000
213,1.567426361,110.0,/data/home/wuxingxing/codespace/al_pwmlff/example/si_dftb/iter.0001/temp_run_iter_work/explore/md/md.000.sys.001/md.000.sys.001.t.000
214,1.158488825,120.0,/data/home/wuxingxing/codespace/al_pwmlff/example/si_dftb/iter.0001/temp_run_iter_work/explore/md/md.000.sys.001/md.000.sys.001.t.000
215,1.644562261,130.0,/data/home/wuxingxing/codespace/al_pwmlff/example/si_dftb/iter.0001/temp_run_iter_work/explore/md/md.000.sys.001/md.000.sys.001.t.000
216,1.314808219,140.0,/data/home/wuxingxing/codespace/al_pwmlff/example/si_dftb/iter.0001/temp_run_iter_work/explore/md/md.000.sys.001/md.000.sys.001.t.000
217,1.557152616,150.0,/data/home/wuxingxing/codespace/al_pwmlff/example/si_dftb/iter.0001/temp_run_iter_work/explore/md/md.000.sys.001/md.000.sys.001.t.000
218,1.535628315,160.0,/data/home/wuxingxing/codespace/al_pwmlff/example/si_dftb/iter.0001/temp_run_iter_work/explore/md/md.000.sys.001/md.000.sys.001.t.000
219,1.574540832,170.0,/data/home/wuxingxing/codespace/al_pwmlff/example/si_dftb/iter.0001/temp_run_iter_work/explore/md/md.000.sys.001/md.000.sys.001.t.000
220,1.757950967,180.0,/data/home/wuxingxing/codespace/al_pwmlff/example/si_dftb/iter.0001/temp_run_iter_work/explore/md/md.000.sys.001/md.000.sys.001.t.000
221,1.791010923,190.0,/data/home/wuxingxing/codespace/al_pwmlff/example/si_dftb/iter.0001/temp_run_iter_work/explore/md/md.000.sys.001/md.000.sys.001.t.000
222,1.750162632,200.0,/data/home/wuxingxing/codespace/al_pwmlff/example/si_dftb/iter.0001/temp_run_iter_work/explore/md/md.000.sys.001/md.000.sys.001.t.000
223,1.700178655,210.0,/data/home/wuxingxing/codespace/al_pwmlff/example/si_dftb/iter.0001/temp_run_iter_work/explore/md/md.000.sys.001/md.000.sys.001.t.000
224,1.764412676,220.0,/data/home/wuxingxing/codespace/al_pwmlff/example/si_dftb/iter.0001/temp_run_iter_work/explore/md/md.000.sys.001/md.000.sys.001.t.000
225,1.814276157,230.0,/data/home/wuxingxing/codespace/al_pwmlff/example/si_dftb/iter.0001/temp_run_iter_work/explore/md/md.000.sys.001/md.000.sys.001.t.000
226,1.763654972,240.0,/data/home/wuxingxing/codespace/al_pwmlff/example/si_dftb/iter.0001/temp_run_iter_work/explore/md/md.000.sys.001/md.000.sys.001.t.000
227,1.680530609,250.0,/data/home/wuxingxing/codespace/al_pwmlff/example/si_dftb/iter.0001/temp_run_iter_work/explore/md/md.000.sys.001/md.000.sys.001.t.000
228,1.849391399,260.0,/data/home/wuxingxing/codespace/al_pwmlff/example/si_dftb/iter.0001/temp_run_iter_work/explore/md/md.000.sys.001/md.000.sys.001.t.000
229,1.75013634,270.0,/data/home/wuxingxing/codespace/al_pwmlff/example/si_dftb/iter.0001/temp_run_iter_work/explore/md/md.000.sys.001/md.000.sys.001.t.000
230,1.996843791,280.0,/data/home/wuxingxing/codespace/al_pwmlff/example/si_dftb/iter.0001/temp_run_iter_work/explore/md/md.000.sys.001/md.000.sys.001.t.000
231,1.868757299,290.0,/data/home/wuxingxing/codespace/al_pwmlff/example/si_dftb/iter.0001/temp_run_iter_work/explore/md/md.000.sys.001/md.000.sys.001.t.000
232,1.679616597,300.0,/data/home/wuxingxing/codespace/al_pwmlff/example/si_dftb/iter.0001/temp_run_iter_work/explore/md/md.000.sys.001/md.000.sys.001.t.000
233,1.61532394,310.0,/data/home/wuxingxing/codespace/al_pwmlff/example/si_dftb/iter.0001/temp_run_iter_work/explore/md/md.000.sys.001/md.000.sys.001.t.000
234,1.717803096,320.0,/data/home/wuxingxing/codespace/al_pwmlff/example/si_dftb/iter.0001/temp_run_iter_work/explore/md/md.000.sys.001/md.000.sys.001.t.000
235,2.05961394,330.0,/data/home/wuxingxing/codespace/al_pwmlff/example/si_dftb/iter.0001/temp_run_iter_work/explore/md/md.000.sys.001/md.000.sys.001.t.000
236,1.601608193,340.0,/data/home/wuxingxing/codespace/al_pwmlff/example/si_dftb/iter.0001/temp_run_iter_work/explore/md/md.000.sys.001/md.000.sys.001.t.000
237,1.758494127,350.0,/data/home/wuxingxing/codespace/al_pwmlff/example/si_dftb/iter.0001/temp_run_iter_work/explore/md/md.000.sys.001/md.000.sys.001.t.000
238,1.666047203,360.0,/data/home/wuxingxing/codespace/al_pwmlff/example/si_dftb/iter.0001/temp_run_iter_work/explore/md/md.000.sys.001/md.000.sys.001.t.000
239,1.527552611,370.0,/data/home/wuxingxing/codespace/al_pwmlff/example/si_dftb/iter.0001/temp_run_iter_work/explore/md/md.000.sys.001/md.000.sys.001.t.000
240,1.56617401,380.0,/data/home/wuxingxing/codespace/al_pwmlff/example/si_dftb/iter.0001/temp_run_iter_work/explore/md/md.000.sys.001/md.000.sys.001.t.000
241,1.822241622,390.0,/data/home/wuxingxing/codespace/al_pwmlff/example/si_dftb/iter.0001/temp_run_iter_work/explore/md/md.000.sys.001/md.000.sys.001.t.000
242,1.21942791,400.0,/data/home/wuxingxing/codespace/al_pwmlff/example/si_dftb/iter.0001/temp_run_iter_work/explore/md/md.000.sys.001/md.000.sys.001.t.000
243,1.539081875,410.0,/data/home/wuxingxing/codespace/al_pwmlff/example/si_dftb/iter.0001/temp_run_iter_work/explore/md/md.000.sys.001/md.000.sys.001.t.000
244,1.426286709,420.0,/data/home/wuxingxing/codespace/al_pwmlff/example/si_dftb/iter.0001/temp_run_iter_work/explore/md/md.000.sys.001/md.000.sys.001.t.000
245,0.882778069,430.0,/data/home/wuxingxing/codespace/al_pwmlff/example/si_dftb/iter.0001/temp_run_iter_work/explore/md/md.000.sys.001/md.000.sys.001.t.000
246,1.80534803,440.0,/data/home/wuxingxing/codespace/al_pwmlff/example/si_dftb/iter.0001/temp_run_iter_work/explore/md/md.000.sys.001/md.000.sys.001.t.000
247,1.702281363,450.0,/data/home/wuxingxing/codespace/al_pwmlff/example/si_dftb/iter.0001/temp_run_iter_work/explore/md/md.000.sys.001/md.000.sys.001.t.000
248,1.816096608,460.0,/data/home/wuxingxing/codespace/al_pwmlff/example/si_dftb/iter.0001/temp_run_iter_work/explore/md/md.000.sys.001/md.000.sys.001.t.000
249,1.565510526,470.0,/data/home/wuxingxing/codespace/al_pwmlff/example/si_dftb/iter.0001/temp_run_iter_work/explore/md/md.000.sys.001/md.000.sys.001.t.000
250,1.484858339,480.0,/data/home/wuxingxing/codespace/al_pwmlff/example/si_dftb/iter.0001/temp_run_iter_work/explore/md/md.000.sys.001/md.000.sys.001.t.000
251,1.693796132,490.0,/data/home/wuxingxing/codespace/al_pwmlff/example/si_dftb/iter.0001/temp_run_iter_work/explore/md/md.000.sys.001/md.000.sys.001.t.000
252,1.132464785,500.0,/data/home/wuxingxing/codespace/al_pwmlff/example/si_dftb/iter.0001/temp_run_iter_work/explore/md/md.000.sys.001/md.000.sys.001.t.000
253,1.837917188,510.0,/data/home/wuxingxing/codespace/al_pwmlff/example/si_dftb/iter.0001/temp_run_iter_work/explore/md/md.000.sys.001/md.000.sys.001.t.000
254,1.537645647,520.0,/data/home/wuxingxing/codespace/al_pwmlff/example/si_dftb/iter.0001/temp_run_iter_work/explore/md/md.000.sys.001/md.000.sys.001.t.000
255,1.641865824,530.0,/data/home/wuxingxing/codespace/al_pwmlff/example/si_dftb/iter.0001/temp_run_iter_work/explore/md/md.000.sys.001/md.000.sys.001.t.000
256,1.822718907,540.0,/data/home/wuxingxing/codespace/al_pwmlff/example/si_dftb/iter.0001/temp_run_iter_work/explore/md/md.000.sys.001/md.000.sys.001.t.000
257,1.464167862,550.0,/data/home/wuxingxing/codespace/al_pwmlff/example/si_dftb/iter.0001/temp_run_iter_work/explore/md/md.000.sys.001/md.000.sys.001.t.000
258,1.734195584,560.0,/data/home/wuxingxing/codespace/al_pwmlff/example/si_dftb/iter.0001/temp_run_iter_work/explore/md/md.000.sys.001/md.000.sys.001.t.000
259,1.80402793,570.0,/data/home/wuxingxing/codespace/al_pwmlff/example/si_dftb/iter.0001/temp_run_iter_work/explore/md/md.000.sys.001/md.000.sys.001.t.000
260,1.655524432,580.0,/data/home/wuxingxing/codespace/al_pwmlff/example/si_dftb/iter.0001/temp_run_iter_work/explore/md/md.000.sys.001/md.000.sys.001.t.000
261,1.536392873,590.0,/data/home/wuxingxing/codespace/al_pwmlff/example/si_dftb/iter.0001/temp_run_iter_work/explore/md/md.000.sys.001/md.000.sys.001.t.000
262,1.79470626,600.0,/data/home/wuxingxing/codespace/al_pwmlff/example/si_dftb/iter.0001/temp_run_iter_work/explore/md/md.000.sys.001/md.000.sys.001.t.000
263,1.950543461,610.0,/data/home/wuxingxing/codespace/al_pwmlff/example/si_dftb/iter.0001/temp_run_iter_work/explore/md/md.000.sys.001/md.000.sys.001.t.000
264,1.744712158,620.0,/data/home/wuxingxing/codespace/al_pwmlff/example/si_dftb/iter.0001/temp_run_iter_work/explore/md/md.000.sys.001/md.000.sys.001.t.000
265,1.762223945,630.0,/data/home/wuxingxing/codespace/al_pwmlff/example/si_dftb/iter.0001/temp_run_iter_work/explore/md/md.000.sys.001/md.000.sys.001.t.000
266,1.883969931,640.0,/data/home/wuxingxing/codespace/al_pwmlff/example/si_dftb/iter.0001/temp_run_iter_work/explore/md/md.000.sys.001/md.000.sys.001.t.000
267,1.50672789,650.0,/data/home/wuxingxing/codespace/al_pwmlff/example/si_dftb/iter.0001/temp_run_iter_work/explore/md/md.000.sys.001/md.000.sys.001.t.000
268,1.399786468,660.0,/data/home/wuxingxing/codespace/al_pwmlff/example/si_dftb/iter.0001/temp_run_iter_work/explore/md/md.000.sys.001/md.000.sys.001.t.000
269,1.612801028,670.0,/data/home/wuxingxing/codespace/al_pwmlff/example/si_dftb/iter.0001/temp_run_iter_work/explore/md/md.000.sys.001/md.000.sys.001.t.000
270,1.683975383,680.0,/data/home/wuxingxing/codespace/al_pwmlff/example/si_dftb/iter.0001/temp_run_iter_work/explore/md/md.000.sys.001/md.000.sys.001.t.000
271,1.72912389,690.0,/data/home/wuxingxing/codespace/al_pwmlff/example/si_dftb/iter.0001/temp_run_iter_work/explore/md/md.000.sys.001/md.000.sys.001.t.000
272,1.672136089,700.0,/data/home/wuxingxing/codespace/al_pwmlff/example/si_dftb/iter.0001/temp_run_iter_work/explore/md/md.000.sys.001/md.000.sys.001.t.000
273,1.717177855,710.0,/data/home/wuxingxing/codespace/al_pwmlff/example/si_dftb/iter.0001/temp_run_iter_work/explore/md/md.000.sys.001/md.000.sys.001.t.000
274,1.62112244,720.0,/data/home/wuxingxing/codespace/al_pwmlff/example/si_dftb/iter.0001/temp_run_iter_work/explore/md/md.000.sys.001/md.000.sys.001.t.000
275,1.432178507,730.0,/data/home/wuxingxing/codespace/al_pwmlff/example/si_dftb/iter.0001/temp_run_iter_work/explore/md/md.000.sys.001/md.000.sys.001.t.000
276,1.3972549,740.0,/data/home/wuxingxing/codespace/al_pwmlff/example/si_dftb/iter.0001/temp_run_iter_work/explore/md/md.000.sys.001/md.000.sys.001.t.000
277,1.865455368,750.0,/data/home/wuxingxing/codespace/al_pwmlff/example/si_dftb/iter.0001/temp_run_iter_work/explore/md/md.000.sys.001/md.000.sys.001.t.000
278,1.802746157,760.0,/data/home/wuxingxing/codespace/al_pwmlff/example/si_dftb/iter.0001/temp_run_iter_work/explore/md/md.000.sys.001/md.000.sys.001.t.000
279,1.628234995,770.0,/data/home/wuxingxing/codespace/al_pwmlff/example/si_dftb/iter.0001/temp_run_iter_work/explore/md/md.000.sys.001/md.000.sys.001.t.000
280,1.81025105,780.0,/data/home/wuxingxing/codespace/al_pwmlff/example/si_dftb/iter.0001/temp_run_iter_work/explore/md/md.000.sys.001/md.000.sys.001.t.000
281,1.828255636,790.0,/data/home/wuxingxing/codespace/al_pwmlff/example/si_dftb/iter.0001/temp_run_iter_work/explore/md/md.000.sys.001/md.000.sys.001.t.000
282,1.378066437,800.0,/data/home/wuxingxing/codespace/al_pwmlff/example/si_dftb/iter.0001/temp_run_iter_work/explore/md/md.000.sys.001/md.000.sys.001.t.000
283,1.743739673,810.0,/data/home/wuxingxing/codespace/al_pwmlff/example/si_dftb/iter.0001/temp_run_iter_work/explore/md/md.000.sys.001/md.000.sys.001.t.000
284,1.610095846,820.0,/data/home/wuxingxing/codespace/al_pwmlff/example/si_dftb/iter.0001/temp_run_iter_work/explore/md/md.000.sys.001/md.000.sys.001.t.000
285,1.622276267,830.0,/data/home/wuxingxing/codespace/al_pwmlff/example/si_dftb/iter.0001/temp_run_iter_work/explore/md/md.000.sys.001/md.000.sys.001.t.000
286,2.009874328,840.0,/data/home/wuxingxing/codespace/al_pwmlff/example/si_dftb/iter.0001/temp_run_iter_work/explore/md/md.000.sys.001/md.000.sys.001.t.000
287,1.752965575,850.0,/data/home/wuxingxing/codespace/al_pwmlff/example/si_dftb/iter.0001/temp_run_iter_work/explore/md/md.000.sys.001/md.000.sys.001.t.000
288,1.688733833,860.0,/data/home/wuxingxing/codespace/al_pwmlff/example/si_dftb/iter.0001/temp_run_iter_work/explore/md/md.000.sys.001/md.000.sys.001.t.000
289,1.831548471,870.0,/data/home/wuxingxing/codespace/al_pwmlff/example/si_dftb/iter.0001/temp_run_iter_work/explore/md/md.000.sys.001/md.000.sys.001.t.000
290,1.720874726,880.0,/data/home/wuxingxing/codespace/al_pwmlff/example/si_dftb/iter.0001/temp_run_iter_work/explore/md/md.000.sys.001/md.000.sys.001.t.000
291,1.285051489,890.0,/data/home/wuxingxing/codespace/al_pwmlff/example/si_dftb/iter.0001/temp_run_iter_work/explore/md/md.000.sys.001/md.000.sys.001.t.000
292,1.394530463,900.0,/data/home/wuxingxing/codespace/al_pwmlff/example/si_dftb/iter.0001/temp_run_iter_work/explore/md/md.000.sys.001/md.000.sys.001.t.000
293,1.708768548,910.0,/data/home/wuxingxing/codespace/al_pwmlff/example/si_dftb/iter.0001/temp_run_iter_work/explore/md/md.000.sys.001/md.000.sys.001.t.000
294,1.55309627,920.0,/data/home/wuxingxing/codespace/al_pwmlff/example/si_dftb/iter.0001/temp_run_iter_work/explore/md/md.000.sys.001/md.000.sys.001.t.000
295,1.204092018,930.0,/data/home/wuxingxing/codespace/al_pwmlff/example/si_dftb/iter.0001/temp_run_iter_work/explore/md/md.000.sys.001/md.000.sys.001.t.000
296,1.508996022,940.0,/data/home/wuxingxing/codespace/al_pwmlff/example/si_dftb/iter.0001/temp_run_iter_work/explore/md/md.000.sys.001/md.000.sys.001.t.000
297,1.815362976,950.0,/data/home/wuxingxing/codespace/al_pwmlff/example/si_dftb/iter.0001/temp_run_iter_work/explore/md/md.000.sys.001/md.000.sys.001.t.000
298,1.347427143,960.0,/data/home/wuxingxing/codespace/al_pwmlff/example/si_dftb/iter.0001/temp_run_iter_work/explore/md/md.000.sys.001/md.000.sys.001.t.000
299,1.505020035,970.0,/data/home/wuxingxing/codespace/al_pwmlff/example/si_dftb/iter.0001/temp_run_iter_work/explore/md/md.000.sys.001/md.000.sys.001.t.000
300,1.547104281,980.0,/data/home/wuxingxing/codespace/al_pwmlff/example/si_dftb/iter.0001/temp_run_iter_work/explore/md/md.000.sys.001/md.000.sys.001.t.000
301,1.662087228,990.0,/data/home/wuxingxing/codespace/al_pwmlff/example/si_dftb/iter.0001/temp_run_iter_work/explore/md/md.000.sys.001/md.000.sys.001.t.000
302,1.518396309,1000.0,/data/home/wuxingxing/codespace/al_pwmlff/example/si_dftb/iter.0001/temp_run_iter_work/explore/md/md.000.sys.001/md.000.sys.001.t.000
304,1.668583436,10.0,/data/home/wuxingxing/codespace/al_pwmlff/example/si_dftb/iter.0001/temp_run_iter_work/explore/md/md.000.sys.001/md.000.sys.001.t.001
306,1.327183105,30.0,/data/home/wuxingxing/codespace/al_pwmlff/example/si_dftb/iter.0001/temp_run_iter_work/explore/md/md.000.sys.001/md.000.sys.001.t.001
307,1.308578435,40.0,/data/home/wuxingxing/codespace/al_pwmlff/example/si_dftb/iter.0001/temp_run_iter_work/explore/md/md.000.sys.001/md.000.sys.001.t.001
308,0.920856992,50.0,/data/home/wuxingxing/codespace/al_pwmlff/example/si_dftb/iter.0001/temp_run_iter_work/explore/md/md.000.sys.001/md.000.sys.001.t.001
309,1.418114756,60.0,/data/home/wuxingxing/codespace/al_pwmlff/example/si_dftb/iter.0001/temp_run_iter_work/explore/md/md.000.sys.001/md.000.sys.001.t.001
310,1.426594733,70.0,/data/home/wuxingxing/codespace/al_pwmlff/example/si_dftb/iter.0001/temp_run_iter_work/explore/md/md.000.sys.001/md.000.sys.001.t.001
311,1.777465925,80.0,/data/home/wuxingxing/codespace/al_pwmlff/example/si_dftb/iter.0001/temp_run_iter_work/explore/md/md.000.sys.001/md.000.sys.001.t.001
312,1.158434841,90.0,/data/home/wuxingxing/codespace/al_pwmlff/example/si_dftb/iter.0001/temp_run_iter_work/explore/md/md.000.sys.001/md.000.sys.001.t.001
313,1.48209953,100.0,/data/home/wuxingxing/codespace/al_pwmlff/example/si_dftb/iter.0001/temp_run_iter_work/explore/md/md.000.sys.001/md.000.sys.001.t.001
314,1.826735528,110.0,/data/home/wuxingxing/codespace/al_pwmlff/example/si_dftb/iter.0001/temp_run_iter_work/explore/md/md.000.sys.001/md.000.sys.001.t.001
315,1.523583231,120.0,/data/home/wuxingxing/codespace/al_pwmlff/example/si_dftb/iter.0001/temp_run_iter_work/explore/md/md.000.sys.001/md.000.sys.001.t.001
316,1.64385125,130.0,/data/home/wuxingxing/codespace/al_pwmlff/example/si_dftb/iter.0001/temp_run_iter_work/explore/md/md.000.sys.001/md.000.sys.001.t.001
317,1.196208758,140.0,/data/home/wuxingxing/codespace/al_pwmlff/example/si_dftb/iter.0001/temp_run_iter_work/explore/md/md.000.sys.001/md.000.sys.001.t.001
318,1.851720096,150.0,/data/home/wuxingxing/codespace/al_pwmlff/example/si_dftb/iter.0001/temp_run_iter_work/explore/md/md.000.sys.001/md.000.sys.001.t.001
319,1.48862032,160.0,/data/home/wuxingxing/codespace/al_pwmlff/example/si_dftb/iter.0001/temp_run_iter_work/explore/md/md.000.sys.001/md.000.sys.001.t.001
320,1.878582204,170.0,/data/home/wuxingxing/codespace/al_pwmlff/example/si_dftb/iter.0001/temp_run_iter_work/explore/md/md.000.sys.001/md.000.sys.001.t.001
321,1.821011346,180.0,/data/home/wuxingxing/codespace/al_pwmlff/example/si_dftb/iter.0001/temp_run_iter_work/explore/md/md.000.sys.001/md.000.sys.001.t.001
322,1.59901663,190.0,/data/home/wuxingxing/codespace/al_pwmlff/example/si_dftb/iter.0001/temp_run_iter_work/explore/md/md.000.sys.001/md.000.sys.001.t.001
323,1.675787738,200.0,/data/home/wuxingxing/codespace/al_pwmlff/example/si_dftb/iter.0001/temp_run_iter_work/explore/md/md.000.sys.001/md.000.sys.001.t.001
324,1.769412896,210.0,/data/home/wuxingxing/codespace/al_pwmlff/example/si_dftb/iter.0001/temp_run_iter_work/explore/md/md.000.sys.001/md.000.sys.001.t.001
325,1.892471073,220.0,/data/home/wuxingxing/codespace/al_pwmlff/example/si_dftb/iter.0001/temp_run_iter_work/explore/md/md.000.sys.001/md.000.sys.001.t.001
326,1.685021145,230.0,/data/home/wuxingxing/codespace/al_pwmlff/example/si_dftb/iter.0001/temp_run_iter_work/explore/md/md.000.sys.001/md.000.sys.001.t.001
327,1.740718647,240.0,/data/home/wuxingxing/codespace/al_pwmlff/example/si_dftb/iter.0001/temp_run_iter_work/explore/md/md.000.sys.001/md.000.sys.001.t.001
328,1.888658627,250.0,/data/home/wuxingxing/codespace/al_pwmlff/example/si_dftb/iter.0001/temp_run_iter_work/explore/md/md.000.sys.001/md.000.sys.001.t.001
329,1.570585103,260.0,/data/home/wuxingxing/codespace/al_pwmlff/example/si_dftb/iter.0001/temp_run_iter_work/explore/md/md.000.sys.001/md.000.sys.001.t.001
330,1.661954574,270.0,/data/home/wuxingxing/codespace/al_pwmlff/example/si_dftb/iter.0001/temp_run_iter_work/explore/md/md.000.sys.001/md.000.sys.001.t.001
331,1.62604666,280.0,/data/home/wuxingxing/codespace/al_pwmlff/example/si_dftb/iter.0001/temp_run_iter_work/explore/md/md.000.sys.001/md.000.sys.001.t.001
332,1.547098386,290.0,/data/home/wuxingxing/codespace/al_pwmlff/example/si_dftb/iter.0001/temp_run_iter_work/explore/md/md.000.sys.001/md.000.sys.001.t.001
333,1.766997307,300.0,/data/home/wuxingxing/codespace/al_pwmlff/example/si_dftb/iter.0001/temp_run_iter_work/explore/md/md.000.sys.001/md.000.sys.001.t.001
334,1.668219894,310.0,/data/home/wuxingxing/codespace/al_pwmlff/example/si_dftb/iter.0001/temp_run_iter_work/explore/md/md.000.sys.001/md.000.sys.001.t.001
335,1.55347113,320.0,/data/home/wuxingxing/codespace/al_pwmlff/example/si_dftb/iter.0001/temp_run_iter_work/explore/md/md.000.sys.001/md.000.sys.001.t.001
336,1.732198732,330.0,/data/home/wuxingxing/codespace/al_pwmlff/example/si_dftb/iter.0001/temp_run_iter_work/explore/md/md.000.sys.001/md.000.sys.001.t.001
337,1.622652805,340.0,/data/home/wuxingxing/codespace/al_pwmlff/example/si_dftb/iter.0001/temp_run_iter_work/explore/md/md.000.sys.001/md.000.sys.001.t.001
338,1.907224785,350.0,/data/home/wuxingxing/codespace/al_pwmlff/example/si_dftb/iter.0001/temp_run_iter_work/explore/md/md.000.sys.001/md.000.sys.001.t.001
339,1.634018206,360.0,/data/home/wuxingxing/codespace/al_pwmlff/example/si_dftb/iter.0001/temp_run_iter_work/explore/md/md.000.sys.001/md.000.sys.001.t.001
340,1.367212802,370.0,/data/home/wuxingxing/codespace/al_pwmlff/example/si_dftb/iter.0001/temp_run_iter_work/explore/md/md.000.sys.001/md.000.sys.001.t.001
341,1.689339896,380.0,/data/home/wuxingxing/codespace/al_pwmlff/example/si_dftb/iter.0001/temp_run_iter_work/explore/md/md.000.sys.001/md.000.sys.001.t.001
342,1.739421986,390.0,/data/home/wuxingxing/codespace/al_pwmlff/example/si_dftb/iter.0001/temp_run_iter_work/explore/md/md.000.sys.001/md.000.sys.001.t.001
343,1.638185711,400.0,/data/home/wuxingxing/codespace/al_pwmlff/example/si_dftb/iter.0001/temp_run_iter_work/explore/md/md.000.sys.001/md.000.sys.001.t.001
344,1.689811547,410.0,/data/home/wuxingxing/codespace/al_pwmlff/example/si_dftb/iter.0001/temp_run_iter_work/explore/md/md.000.sys.001/md.000.sys.001.t.001
345,1.595935601,420.0,/data/home/wuxingxing/codespace/al_pwmlff/example/si_dftb/iter.0001/temp_run_iter_work/explore/md/md.000.sys.001/md.000.sys.001.t.001
346,1.794110669,430.0,/data/home/wuxingxing/codespace/al_pwmlff/example/si_dftb/iter.0001/temp_run_iter_work/explore/md/md.000.sys.001/md.000.sys.001.t.001
347,1.553668093,440.0,/data/home/wuxingxing/codespace/al_pwmlff/example/si_dftb/iter.0001/temp_run_iter_work/explore/md/md.000.sys.001/md.000.sys.001.t.001
348,1.869358537,450.0,/data/home/wuxingxing/codespace/al_pwmlff/example/si_dftb/iter.0001/temp_run_iter_work/explore/md/md.000.sys.001/md.000.sys.001.t.001
349,1.524989972,460.0,/data/home/wuxingxing/codespace/al_pwmlff/example/si_dftb/iter.0001/temp_run_iter_work/explore/md/md.000.sys.001/md.000.sys.001.t.001
350,1.721453638,470.0,/data/home/wuxingxing/codespace/al_pwmlff/example/si_dftb/iter.0001/temp_run_iter_work/explore/md/md.000.sys.001/md.000.sys.001.t.001
351,1.7455501,480.0,/data/home/wuxingxing/codespace/al_pwmlff/example/si_dftb/iter.0001/temp_run_iter_work/explore/md/md.000.sys.001/md.000.sys.001.t.001
352,1.70776318,490.0,/data/home/wuxingxing/codespace/al_pwmlff/example/si_dftb/iter.0001/temp_run_iter_work/explore/md/md.000.sys.001/md.000.sys.001.t.001
353,1.675996128,500.0,/data/home/wuxingxing/codespace/al_pwmlff/example/si_dftb/iter.0001/temp_run_iter_work/explore/md/md.000.sys.001/md.000.sys.001.t.001
354,1.476908678,510.0,/data/home/wuxingxing/codespace/al_pwmlff/example/si_dftb/iter.0001/temp_run_iter_work/explore/md/md.000.sys.001/md.000.sys.001.t.001
355,1.782694024,520.0,/data/home/wuxingxing/codespace/al_pwmlff/example/si_dftb/iter.0001/temp_run_iter_work/explore/md/md.000.sys.001/md.000.sys.001.t.001
356,1.596239605,530.0,/data/home/wuxingxing/codespace/al_pwmlff/example/si_dftb/iter.0001/temp_run_iter_work/explore/md/md.000.sys.001/md.000.sys.001.t.001
357,1.741317441,540.0,/data/home/wuxingxing/codespace/al_pwmlff/example/si_dftb/iter.0001/temp_run_iter_work/explore/md/md.000.sys.001/md.000.sys.001.t.001
358,1.475002207,550.0,/data/home/wuxingxing/codespace/al_pwmlff/example/si_dftb/iter.0001/temp_run_iter_work/explore/md/md.000.sys.001/md.000.sys.001.t.001
359,1.725618268,560.0,/data/home/wuxingxing/codespace/al_pwmlff/example/si_dftb/iter.0001/temp_run_iter_work/explore/md/md.000.sys.001/md.000.sys.001.t.001
360,1.988104868,570.0,/data/home/wuxingxing/codespace/al_pwmlff/example/si_dftb/iter.0001/temp_run_iter_work/explore/md/md.000.sys.001/md.000.sys.001.t.001
361,1.46140821,580.0,/data/home/wuxingxing/codespace/al_pwmlff/example/si_dftb/iter.0001/temp_run_iter_work/explore/md/md.000.sys.001/md.000.sys.001.t.001
362,1.639051497,590.0,/data/home/wuxingxing/codespace/al_pwmlff/example/si_dftb/iter.0001/temp_run_iter_work/explore/md/md.000.sys.001/md.000.sys.001.t.001
363,1.733982805,600.0,/data/home/wuxingxing/codespace/al_pwmlff/example/si_dftb/iter.0001/temp_run_iter_work/explore/md/md.000.sys.001/md.000.sys.001.t.001
364,1.599443956,610.0,/data/home/wuxingxing/codespace/al_pwmlff/example/si_dftb/iter.0001/temp_run_iter_work/explore/md/md.000.sys.001/md.000.sys.001.t.001
365,1.513747053,620.0,/data/home/wuxingxing/codespace/al_pwmlff/example/si_dftb/iter.0001/temp_run_iter_work/explore/md/md.000.sys.001/md.000.sys.001.t.001
366,1.750947442,630.0,/data/home/wuxingxing/codespace/al_pwmlff/example/si_dftb/iter.0001/temp_run_iter_work/explore/md/md.000.sys.001/md.000.sys.001.t.001
367,1.662097642,640.0,/data/home/wuxingxing/codespace/al_pwmlff/example/si_dftb/iter.0001/temp_run_iter_work/explore/md/md.000.sys.001/md.000.sys.001.t.001
368,1.541199936,650.0,/data/home/wuxingxing/codespace/al_pwmlff/example/si_dftb/iter.0001/temp_run_iter_work/explore/md/md.000.sys.001/md.000.sys.001.t.001
369,1.794199705,660.0,/data/home/wuxingxing/codespace/al_pwmlff/example/si_dftb/iter.0001/temp_run_iter_work/explore/md/md.000.sys.001/md.000.sys.001.t.001
370,1.56928938,670.0,/data/home/wuxingxing/codespace/al_pwmlff/example/si_dftb/iter.0001/temp_run_iter_work/explore/md/md.000.sys.001/md.000.sys.001.t.001
371,1.756385487,680.0,/data/home/wuxingxing/codespace/al_pwmlff/example/si_dftb/iter.0001/temp_run_iter_work/explore/md/md.000.sys.001/md.000.sys.001.t.001
372,1.549194328,690.0,/data/home/wuxingxing/codespace/al_pwmlff/example/si_dftb/iter.0001/temp_run_iter_work/explore/md/md.000.sys.001/md.000.sys.001.t.001
373,1.810749005,700.0,/data/home/wuxingxing/codespace/al_pwmlff/example/si_dftb/iter.0001/temp_run_iter_work/explore/md/md.000.sys.001/md.000.sys.001.t.001
374,1.556568604,710.0,/data/home/wuxingxing/codespace/al_pwmlff/example/si_dftb/iter.0001/temp_run_iter_work/explore/md/md.000.sys.001/md.000.sys.001.t.001
375,1.575679819,720.0,/data/home/wuxingxing/codespace/al_pwmlff/example/si_dftb/iter.0001/temp_run_iter_work/explore/md/md.000.sys.001/md.000.sys.001.t.001
376,1.64180346,730.0,/data/home/wuxingxing/codespace/al_pwmlff/example/si_dftb/iter.0001/temp_run_iter_work/explore/md/md.000.sys.001/md.000.sys.001.t.001
377,1.473124059,740.0,/data/home/wuxingxing/codespace/al_pwmlff/example/si_dftb/iter.0001/temp_run_iter_work/explore/md/md.000.sys.001/md.000.sys.001.t.001
378,1.781284061,750.0,/data/home/wuxingxing/codespace/al_pwmlff/example/si_dftb/iter.0001/temp_run_iter_work/explore/md/md.000.sys.001/md.000.sys.001.t.001
379,1.527463945,760.0,/data/home/wuxingxing/codespace/al_pwmlff/example/si_dftb/iter.0001/temp_run_iter_work/explore/md/md.000.sys.001/md.000.sys.001.t.001
380,1.555348278,770.0,/data/home/wuxingxing/codespace/al_pwmlff/example/si_dftb/iter.0001/temp_run_iter_work/explore/md/md.000.sys.001/md.000.sys.001.t.001
381,1.942340363,780.0,/data/home/wuxingxing/codespace/al_pwmlff/example/si_dftb/iter.0001/temp_run_iter_work/explore/md/md.000.sys.001/md.000.sys.001.t.001
382,1.719613395,790.0,/data/home/wuxingxing/codespace/al_pwmlff/example/si_dftb/iter.0001/temp_run_iter_work/explore/md/md.000.sys.001/md.000.sys.001.t.001
383,1.670680405,800.0,/data/home/wuxingxing/codespace/al_pwmlff/example/si_dftb/iter.0001/temp_run_iter_work/explore/md/md.000.sys.001/md.000.sys.001.t.001
384,2.030419531,810.0,/data/home/wuxingxing/codespace/al_pwmlff/example/si_dftb/iter.0001/temp_run_iter_work/explore/md/md.000.sys.001/md.000.sys.001.t.001
385,1.89033782,820.0,/data/home/wuxingxing/codespace/al_pwmlff/example/si_dftb/iter.0001/temp_run_iter_work/explore/md/md.000.sys.001/md.000.sys.001.t.001
386,1.753312036,830.0,/data/home/wuxingxing/codespace/al_pwmlff/example/si_dftb/iter.0001/temp_run_iter_work/explore/md/md.000.sys.001/md.000.sys.001.t.001
387,1.765986992,840.0,/data/home/wuxingxing/codespace/al_pwmlff/example/si_dftb/iter.0001/temp_run_iter_work/explore/md/md.000.sys.001/md.000.sys.001.t.001
388,1.764138291,850.0,/data/home/wuxingxing/codespace/al_pwmlff/example/si_dftb/iter.0001/temp_run_iter_work/explore/md/md.000.sys.001/md.000.sys.001.t.001
389,1.782568944,860.0,/data/home/wuxingxing/codespace/al_pwmlff/example/si_dftb/iter.0001/temp_run_iter_work/explore/md/md.000.sys.001/md.000.sys.001.t.001
390,1.399142018,870.0,/data/home/wuxingxing/codespace/al_pwmlff/example/si_dftb/iter.0001/temp_run_iter_work/explore/md/md.000.sys.001/md.000.sys.001.t.001
391,1.58821352,880.0,/data/home/wuxingxing/codespace/al_pwmlff/example/si_dftb/iter.0001/temp_run_iter_work/explore/md/md.000.sys.001/md.000.sys.001.t.001
392,1.762588009,890.0,/data/home/wuxingxing/codespace/al_pwmlff/example/si_dftb/iter.0001/temp_run_iter_work/explore/md/md.000.sys.001/md.000.sys.001.t.001
393,1.375124791,900.0,/data/home/wuxingxing/codespace/al_pwmlff/example/si_dftb/iter.0001/temp_run_iter_work/explore/md/md.000.sys.001/md.000.sys.001.t.001
394,1.828923363,910.0,/data/home/wuxingxing/codespace/al_pwmlff/example/si_dftb/iter.0001/temp_run_iter_work/explore/md/md.000.sys.001/md.000.sys.001.t.001
395,1.638683904,920.0,/data/home/wuxingxing/codespace/al_pwmlff/example/si_dftb/iter.0001/temp_run_iter_work/explore/md/md.000.sys.001/md.000.sys.001.t.001
396,1.810701992,930.0,/data/home/wuxingxing/codespace/al_pwmlff/example/si_dftb/iter.0001/temp_run_iter_work/explore/md/md.000.sys.001/md.000.sys.001.t.001
397,1.543845306,940.0,/data/home/wuxingxing/codespace/al_pwmlff/example/si_dftb/iter.0001/temp_run_iter_work/explore/md/md.000.sys.001/md.000.sys.001.t.001
398,1.532921205,950.0,/data/home/wuxingxing/codespace/al_pwmlff/example/si_dftb/iter.0001/temp_run_iter_work/explore/md/md.000.sys.001/md.000.sys.001.t.001
399,1.739449233,960.0,/data/home/wuxingxing/codespace/al_pwmlff/example/si_dftb/iter.0001/temp_run_iter_work/explore/md/md.000.sys.001/md.000.sys.001.t.001
400,1.562969117,970.0,/data/home/wuxingxing/codespace/al_pwmlff/example/si_dftb/iter.0001/temp_run_iter_work/explore/md/md.000.sys.001/md.000.sys.001.t.001
401,1.862971689,980.0,/data/home/wuxingxing/codespace/al_pwmlff/example/si_dftb/iter.0001/temp_run_iter_work/explore/md/md.000.sys.001/md.000.sys.001.t.001
402,1.520245043,990.0,/data/home/wuxingxing/codespace/al_pwmlff/example/si_dftb/iter.0001/temp_run_iter_work/explore/md/md.000.sys.001/md.000.sys.001.t.001
403,1.424375197,1000.0,/data/home/wuxingxing/codespace/al_pwmlff/example/si_dftb/iter.0001/temp_run_iter_work/explore/md/md.000.sys.001/md.000.sys.001.t.001
